,Course_Code,Course_Title,finalPoints2021,EOS_2020,EOS_2019
0,AC120,International Business,300.0,,
1,AC137,Liberal Arts,313.0,,
2,AD101,First Year Art & Design (Common Entry),350.0,,
3,AD102,Graphic Design and Moving Image Design (portfolio),321.0,,
4,AD103,Textile & Surface Design and Jewellery & Objects (portfolio),328.0,,
5,AD202,"Education & Design or Fine Art (Second Level Teaching,portfolio))",,,
6,AD204,Fine Art,327.0,,
7,AD211,Fashion Design (portfolio),444.0,,
8,AD212,Product Design (portfolio),431.0,,
9,AD215,Visual Culture,356.0,,
10,AD217,Illustration,346.0,,
11,AD222,Interaction Design,357.0,,
12,AL600,Software Design,324.0,,
13,AL601,Computer Engineering,325.0,,
14,AL602,Mechanical Engineering,346.0,,
15,AL604,Civil Engineering,476.0,,
16,AL605,Music and Instrument Technology,338.0,,
17,AL630,Pharmacy Technician,306.0,,
18,AL631,Dental Nursing,297.0,,
19,AL632,Applied Science,309.0,,
20,AL650,Business,302.0,,
21,AL660,Culinary Arts,336.0,,
22,AL661,Bar Supervision,299.0,,
23,AL663,Business (Sport and Recreation),309.0,,
24,AL701,Computer Engineering with Network Infrastructure,304.0,,
25,AL702,Software Design with Artificial Intelligence for Cloud Computing,308.0,,
26,AL703,Software Design with Virtual Reality and Gaming,301.0,,
27,AL704,Computer Engineering,575.0,,
28,AL705,Software Design with Mobile Apps and Connected Devices,747.0,,
29,AL710,Mechanical Engineering,306.0,,
30,AL711,Mechanical Engineering and Renewable Energy,467.0,,
31,AL712,Automation and Robotics,307.0,,
32,AL713,Engineering (Common Entry to Mechanical/Renewable/Mechatronic Eng),260.0,,
33,AL718,Music and Sound Engineering,700.0,,
34,AL721,Civil Engineering,292.0,,
35,AL730,Biotechnology,250.0,,
36,AL731,Veterinary Nursing,270.0,,
37,AL734,Pharmaceutical Sciences (Drug Development and Analysis),270.0,,
38,AL740,Exercise and Health Science,266.0,,
39,AL751,Digital Marketing,307.0,,
40,AL752,Business,423.0,,
41,AL761,Hotel and Leisure Management,388.0,,
42,AL763,Graphic Design (portfolio),451.0,,
43,AL764,Early Years Care and Education,272.0,,
44,AL765,Applied Social Studies in Social Care,295.0,,
45,AL801,Software Design with Virtual Reality and Gaming,293.0,,
46,AL802,Software Design with Cloud Computing,292.0,,
47,AL803,Software Design with Mobile Apps and Connected Devices,291.0,,
48,AL805,Computer Engineering for Network Infrastructure,251.0,,
49,AL810,Quantity Surveying,283.0,,
50,AL811,Civil Engineering,465.0,,
51,AL820,Mechanical and Polymer Engineering,328.0,,
52,AL830,General Nursing,280.0,,
53,AL832,Mental Health Nursing,359.0,,
54,AL835,Pharmacology,318.0,,
55,AL836,Nutrition and Health Science,292.0,,
56,AL837,Sports Science with Exercise Physiology,246.0,,
57,AL838,Biotechnology,290.0,,
58,AL839,Microbiology,358.0,,
59,AL840,Pharmaceutical Sciences,247.0,,
60,AL841,Athletic and Rehabilitation Therapy,269.0,,
61,AL842,Bioveterinary Science,700.0,,
62,AL843,Physical Activity and Health Science,272.0,,
63,AL849,Culinary Entrepreneurship,270.0,,
64,AL850,Business,319.0,,
65,AL851,Business and Law,235.0,,
66,AL852,Accounting (with optional placement),230.0,,
67,AL853,Accounting and Law,224.0,,
68,AL854,Sport Management (with international placement),443.0,,
69,AL855,Hospitality Management (with International placement),431.0,,
70,AL857,Digital Marketing,434.0,,
71,AL859,International Business,396.0,,
72,AL860,Social Care Practice,336.0,,
73,AL861,Animation and Illustration (portfolio),390.0,,
74,AL863,Graphic and Digital Design (portfolio),365.0,,
75,AL864,Early Years Care and Education,904.0,,
76,AL870,Applied Psychology,1028.0,,
77,AS001,"Education, Home Economics and Biology - with concurrent Teacher Ed",525.0,,
78,AS002,Education  Home Economics and Religious Ed - with,350.0,,
79,AS003,"Education, Home Economics and Irish - with concurrent Teacher Ed",450.0,,
80,AS051,"Nutrition, Food and Business Management",400.0,,
81,AS054,Home Economics,435.0,,
82,AS110,General Nursing,260.0,,
83,AS130,Intellectual Disability Nursing,347.0,,
84,BN101,Business,590.0,,
85,BN103,Business and Information Technology,466.0,,
86,BN104,Computing (Information Technology),425.0,,
87,BN107,Applied Social Studies in Social Care,473.0,,
88,BN108,Engineering (Common Entry with Award options),327.0,,
89,BN109,Business (Common Entry with Award options),301.0,,
90,BN110,International Business,262.0,,
91,BN111,Sports Management and Coaching,368.0,,
92,BN112,Creative Digital Media,315.0,,
93,BN113,Horticulture,290.0,,
94,BN114,Accounting and Finance,279.0,,
95,BN115,Community and Youth Development,402.0,,
96,BN117,Computer Engineering in Mobile Systems,410.0,,
97,BN118,Early Childhood Care and Education,408.0,,
98,BN119,Digital Marketing,475.0,,
99,BN120,Digital Forensics and Cyber Security,320.0,,
100,BN121,Mechatronic Engineering,444.0,,
101,BN123,"Design,Technology and Innovation",375.0,,
102,BY001,Business,431.0,,
103,CI001,Counselling Skills and Psychotherapy Studies,375.0,,
104,CI002,Counselling Skills and Addiction Studies,300.0,,
105,CI005,Counselling Skills and Youth Studies,342.0,,
106,CI101,Counselling and Psychotherapy (Limerick),329.0,,
107,CI110,Counselling and Psychotherapy,280.0,,
108,CI111,Counselling and Psychotherapy with Addiction Studi,246.0,,
109,CI112,Counselling and Psychotherapy with Youth Studies,609.0,,
110,CK101,Arts - 3 years,518.0,,
111,CK102,Social Science,300.0,,
112,CK104,Arts with Music - 3 or 4 years (BMus or Chinese/European/Int`l Pathway),431.0,,
113,CK105,Film and Screen Media - 3 years or 4 years (International Pathway),339.0,,
114,CK107,Geographical and Archaeological Sciences - 3 or 4 years (Int`l Pathway),420.0,,
115,CK108,Arts International - 4 years,312.0,,
116,CK109,English - 3 years or 4 years (International Pathway),440.0,,
117,CK110,World Languages,357.0,,
118,CK111,Early Years and Childhood Studies,488.0,,
119,CK112,Theatre and Performative Practices - 3 or 4 years (Int`l Pathway),403.0,,
120,CK113,Criminology - 3 years or 4 years (International Pathway),371.0,,
121,CK114,Social Science (Youth and Community Work) - 3 years,463.0,,
122,CK115,Social Work - Mature Applicants only,,,
123,CK116,Sports Studies and Physical Education,,,
124,CK118,Digital Humanities and IT - 3 or 4 years (Work Exper. or Int`l Pathway),339.0,,
125,CK120,Applied Psychology,543.0,,
126,CK121,Psychology and Computing - 3 or 4 years (Work Experience Pathway),488.0,,
127,CK122,Government and Political Science,399.0,,
128,CK123,Anthropology,308.0,,
129,CK124,Education - Gaeilge,473.0,,
130,CK125,Sports Studies and Physical Education,555.0,,
131,CK201,Commerce,499.0,,
132,CK202,Accounting,543.0,,
133,CK203,Business Information Systems,452.0,,
134,CK204,Finance,566.0,,
135,CK205,Commerce (International) with French,465.0,,
136,CK206,Commerce (International) with German,455.0,,
137,CK207,Commerce (International) with Italian,418.0,,
138,CK208,Commerce (International) with Hispanic Studies,486.0,,
139,CK209,Commerce (International) with Irish,507.0,,
140,CK211,Commerce (International) with Chinese Studies,385.0,,
141,CK212,Economics (Transformational Learning) - 3 or 4 years (Int`l Pathway),444.0,,
142,CK213,Food Marketing and Entrepreneurship,466.0,,
143,CK214,International Development,332.0,,
144,CK301,Law (Pathways) -  3 or 4 years,532.0,,
145,CK302,Law and French,545.0,,
146,CK304,Law and Irish,588.0,,
147,CK307,Law and Business,589.0,,
148,CK401,Computer Science,495.0,,
149,CK402,Biological and Chemical Sciences,555.0,,
150,CK404,"Biological, Earth and Environmental Sciences",495.0,,
151,CK405,Genetics,543.0,,
152,CK406,Chemical Sciences,532.0,,
153,CK407,Mathematical Sciences,566.0,,
154,CK408,Physics and Astrophysics,566.0,,
155,CK409,Industrial Physics - Offered jointly by UCC and CI,465.0,,
156,CK411,Data Science and Analytics,531.0,,
157,CK412,Agricultural Science,506.0,,
158,CK502,Food Marketing and Entrepreneurship,554.0,,
159,CK504,Nutritional Sciences,463.0,,
160,CK505,Food Science,509.0,,
161,CK506,International Development and Food Policy,543.0,,
162,CK600,Engineering,737.0,,
163,CK606,Architecture - Offered jointly by UCC and CIT,625.0,,
164,CK701,Medicine (Undergraduate Entry - HPAT required),613.0,,
165,CK702,Dentistry,601.0,,
166,CK703,Pharmacy,566.0,,
167,CK704,Occupational Therapy,500.0,,
168,CK705,Speech and Language Therapy,578.0,,
169,CK706,Public Health Sciences,497.0,,
170,CK707,Medical and Health Sciences,565.0,,
171,CK710,General Nursing,452.0,,
172,CK712,Children`s and General Nursing (Integrated),431.0,,
173,CK720,Mental Health Nursing,509.0,,
174,CK730,Intellectual Disability Nursing,60.0,,
175,CK740,Midwifery,294.0,,
176,CK791,Medicine  - Graduate Entry (GAMSAT required),270.0,,
177,CM001,Education - Primary Teaching,242.0,,
178,CM002,Education - Primary Teaching - Gaeltacht Applicants,253.0,,
179,CM003,Oideachas â€“ BunmhÃºinteoireacht TrÃ­ MheÃ¡n na Gaeilg,508.0,,
180,CM004,Oideachas - Bunmhúinteoireacht Trí Mheán na Gaeilge – Gaeltacht,462.0,,
181,CM010,Education Studies,513.0,,
182,CM020,Early Childhood Education,480.0,,
183,CR001,Applied Physics and Instrumentation,327.0,,
184,CR006,Applied Biosciences,317.0,,
185,CR007,Analytical and Pharmaceutical Chemistry,234.0,,
186,CR010,Agriculture (Year 1 - 2 days in Clonakilty Agri College & 3 days in CIT),,,
187,CR016,Software Development,233.0,,
188,CR021,Business (Common Entry),,,
189,CR022,Business Administration,,,
190,CR031,Social Care Work,217.0,,
191,CR032,Recreation and Leisure Management,210.0,,
192,CR035,Community Development,225.0,,
193,CR041,Tourism Management,217.0,,
194,CR042,Hospitality Management,225.0,,
195,CR046,Automotive Technology and Management,209.0,,
196,CR051,Civil Engineering,228.0,,
197,CR052,Construction,239.0,,
198,CR053,Interior Architecture,288.0,,
199,CR055,Environmental Engineering,244.0,,
200,CR061,Electronic Engineering,219.0,,
201,CR062,Electrical Engineering,176.0,,
202,CR071,Mechanical Engineering,233.0,,
203,CR075,Biomedical Engineering,228.0,,
204,CR090,Architectural Technology,213.0,,
205,CR094,Nautical Science at National Maritime College of Ireland,228.0,,
206,CR095,Marine Engineering at National Maritime College of Ireland,240.0,,
207,CR105,Chemical and Biopharmaceutical Engineering,445.0,,
208,CR106,Software Development,518.0,,
209,CR108,Mechanical Engineering,489.0,,
210,CR109,Structural Engineering,451.0,,
211,CR110,Automotive Business Management and Technology,356.0,,
212,CR112,Creative Digital Media at CIT Crawford College of,384.0,,
213,CR116,Computer Systems,409.0,,
214,CR121,Music at CIT Cork School of Music,409.0,,
215,CR125,Popular Music: Electric Bass Guitar at CIT Cork School of Music,413.0,,
216,CR126,Popular Music: Drums at CIT Cork School of Music,311.0,,
217,CR127,Popular Music: Electric Guitar at CIT Cork School of Music,498.0,,
218,CR128,Popular Music: Keyboards at CIT Cork School of Music,511.0,,
219,CR129,Popular Music: Voice at CIT Cork School of Music,542.0,,
220,CR130,Musical Theatre,484.0,,
221,CR150,Business Information Systems,544.0,,
222,CR210,"Contemporary Applied Art (Ceramics, Glass, Textiles) at CIT Crawford",544.0,,
223,CR220,Fine Art at CIT Crawford College of Art and Design,613.0,,
224,CR225,Photography with New Media,484.0,,
225,CR300,Physical Sciences (Common Entry),368.0,,
226,CR305,Physical Sciences (Common Entry),601.0,,
227,CR310,IT Management,402.0,,
228,CR320,Biomedical Science - Offered jointly by CIT and UC,475.0,,
229,CR325,Pharmaceutical Biotechnology,501.0,,
230,CR333,Nutrition and Health Science,577.0,,
231,CR335,Biological Sciences (Common Entry),541.0,,
232,CR340,Analytical Chemistry with Quality Assurance,421.0,,
233,CR360,Instrument Engineering,452.0,,
234,CR365,Environmental Science and Sustainable Technology,435.0,,
235,CR370,Agri-Biosciences,427.0,,
236,CR400,Accounting,498.0,,
237,CR420,Marketing,531.0,,
238,CR425,International Business with Language,466.0,,
239,CR430,Sport and Exercise Management,423.0,,
240,CR435,Coaching Science and Sports Pedagogy,543.0,,
241,CR440,Montessori Education,400.0,,
242,CR500,Engineering (Common Entry),530.0,,
243,CR510,Sustainable Energy Engineering,530.0,,
244,CR520,Biomedical Engineering,488.0,,
245,CR560,Architectural Technology,490.0,,
246,CR565,Interior Architecture,476.0,,
247,CR570,Quantity Surveying,500.0,,
248,CR572,Construction Management,510.0,,
249,CR580,Electrical Engineering,510.0,,
250,CR590,Electronic Engineering,511.0,,
251,CR600,Visual Communications at CIT Crawford College of A,462.0,,
252,CR620,Early Childhood Education and Care,558.0,,
253,CR640,Culinary Arts,565.0,,
254,CR650,Beverage Industry Management,521.0,,
255,CR655,Culinary Studies,521.0,,
256,CR657,Hospitality Studies,565.0,,
257,CR660,Tourism Management,477.0,,
258,CR700,Theatre and Drama Studies at CIT Cork School of Music,506.0,,
259,CR805,Marine Electrotechnology at National Maritime College of Ireland,456.0,,
260,CR888,Information Technology,420.0,,
261,CR930,Home Economics and Business,382.0,,
262,CT110,Computing in Information Technology,521.0,,
263,CT116,Information Technology,431.0,,
264,CT125,Information Technology,398.0,,
265,CT325,Business,469.0,,
266,CW006,Business,302.0,,
267,CW018,Business (options),387.0,,
268,CW027,Sustainable Farm Management and Agribusiness,499.0,,
269,CW028,Early Childhood Education and Care,509.0,,
270,CW037,Business (options),350.0,,
271,CW038,"Art (portfolio, Wexford)",400.0,,
272,CW047,Visual Communications and Design,379.0,,
273,CW057,Art (portfolio),475.0,,
274,CW058,Tourism and Event Management (Wexford),349.0,,
275,CW068,Applied Social Studies in Professional Social Care,254.0,,
276,CW077,Tourism and Event Management,220.0,,
277,CW078,Sustainable Farm Management and Agribusiness,413.0,,
278,CW088,Visual Communications and Design,591.0,,
279,CW106,Physiology and Health Science,574.0,,
280,CW107,Analytical Science,989.0,,
281,CW108,Science (options),671.0,,
282,CW116,Pharmacy Technician Studies,235.0,,
283,CW117,Biosciences,293.0,,
284,CW126,Science - Applied Biology or Applied Chemistry,713.0,,
285,CW128,Brewing and Distilling,757.0,,
286,CW138,Sport and Exercise Science,210.0,,
287,CW148,Strength and Conditioning,277.0,,
288,CW178,Sport Science (options),874.0,,
289,CW188,Sport Rehabilitation and Athletic Therapy,566.0,,
290,CW206,Computing - Applications or Programming,628.0,,
291,CW207,Software Development,242.0,,
292,CW208,Computer Games Development,226.0,,
293,CW217,Information Technology Management,289.0,,
294,CW227,Cybercrime and IT Security,264.0,,
295,CW237,Computing in Interactive Digital Art and Design,,,
296,CW238,Software Development,377.0,,
297,CW248,Information Technology Management,270.0,,
298,CW258,Cybercrime and IT Security,228.0,,
299,CW268,Computing in Interactive Digital Art and Design,242.0,,
300,CW407,Architectural Technology,,,
301,CW417,Construction Management with Building Services,242.0,,
302,CW427,Civil Engineering,264.0,,
303,CW438,Construction (options),251.0,,
304,CW468,Architectural Technology,225.0,,
305,CW478,Civil Engineering,300.0,,
306,CW507,Aircraft Systems,274.0,,
307,CW517,Mechanical Engineering,351.0,,
308,CW527,Electronic Engineering,210.0,,
309,CW547,TV and Media Production,,,
310,CW548,Mechanical Engineering,,,
311,CW558,Electronic Systems,554.0,,
312,CW568,Aerospace Engineering,538.0,,
313,CW578,TV and Media Production,505.0,,
314,CW706,Legal Studies,591.0,,
315,CW707,Industrial Design,514.0,,
316,CW708,Law - LLB,679.0,,
317,CW717,Professional Social Care Practice,413.0,,
318,CW728,Product Design Innovation,300.0,,
319,CW748,Early Childhood Education and Care,738.0,,
320,CW758,Professional Social Care Practice,444.0,,
321,CW807,Sport Coaching and Business Management - GAA (portfolio),271.0,,
322,CW808,Media and Public Relations,301.0,,
323,CW817,Sport Coaching and Business Management - Rugby (portfolio),300.0,,
324,CW827,Sport Coaching and Business Management - Soccer (portfolio),420.0,,
325,CW837,Digital Marketing with Analytics,270.0,,
326,CW848,Digital Marketing with Analytics,330.0,,
327,CW858,"Sports Management and Coaching (options, portfolio)",266.0,,
328,CW906,Business,251.0,,
329,CW908,Business (options),740.0,,
330,CW917,Business (options),589.0,,
331,CW926,Business with Law,613.0,,
332,CW936,Accounting,,,
333,CW938,Business with Law,262.0,,
334,CW948,Accounting,228.0,,
335,DB500,Computing,235.0,,
336,DB501,Computing (Cloud Computing),309.0,,
337,DB502,Computing (Data Analytics and Big Data),270.0,,
338,DB503,Computing (Software Development),465.0,,
339,DB504,Computing (Web and Mobile Technology),274.0,,
340,DB510,Audio Production and Music Project Management,271.0,,
341,DB512,Business Studies,434.0,,
342,DB514,Business Studies (Law),278.0,,
343,DB515,Business Studies (Human Resource Management),253.0,,
344,DB516,Financial Services,300.0,,
345,DB517,Marketing (Event Management),248.0,,
346,DB518,Marketing (Digital Media),423.0,,
347,DB521,Accounting and Finance,638.0,,
348,DB524,Business Information Systems,396.0,,
349,DB525,Marketing (Digital Media and Cloud Computing),315.0,,
350,DB526,Business Information Systems (Cloud Computing),330.0,,
351,DB527,Applied Social Care,411.0,,
352,DB528,Applied Social Care,413.0,,
353,DB531,Marketing,271.0,,
354,DB534,Sound Engineering and Music Production,400.0,,
355,DB562,Psychology,477.0,,
356,DB563,Arts,510.0,,
357,DB566,Social Science,322.0,,
358,DB567,Film and Creative Media,499.0,,
359,DB568,Law,403.0,,
360,DB569,Business (Psychology),395.0,,
361,DB571,Business Studies,251.0,,
362,DB572,Business in Accounting,270.0,,
363,DB573,Business in Marketing,235.0,,
364,DB574,Business in Information Technology,262.0,,
365,DB576,Film and Creative Media,282.0,,
366,DC001,Education - Early Childhood Education,441.0,,
367,DC002,Education - Primary Teaching,235.0,,
368,DC003,Education - Primary Teaching - Gaeltacht Applicants,522.0,,
369,DC004,Education - Primary Teaching (Church of Ireland Ce,566.0,,
370,DC005,Education - Primary Teaching - Irish Sign Language,542.0,,
371,DC009,Arts (Joint Honours) - Humanities,387.0,,
372,DC010,Post Primary Teacher Education - Religious Educati,601.0,,
373,DC011,Post Primary Teacher Education - Religious Education and History,532.0,,
374,DC012,Post Primary Teacher Education - Religious Education and Music,487.0,,
375,DC013,Post Primary Teacher Ed - Gaeilge with French/German/Spanish,294.0,,
376,DC014,BA in Jazz and Contemporary Music Performance (aud,451.0,,
377,DC110,Business Studies International,445.0,,
378,DC111,Business Studies,314.0,,
379,DC112,Global Business (Franc,339.0,,
380,DC113,Global Business (Germany),346.0,,
381,DC114,Global Business (Spain),412.0,,
382,DC115,Accounting and Finance,309.0,,
383,DC116,Global Business (USA),380.0,,
384,DC117,Aviation Management / Aviation Management with Pilot Studies,270.0,,
385,DC118,Gnó agus Gaeilge / Business and Irish,477.0,,
386,DC119,Global Business (Canada),462.0,,
387,DC120,Enterprise Computing,460.0,,
388,DC121,Computer Applications,377.0,,
389,DC123,Data Science,300.0,,
390,DC126,Actuarial Mathematics,420.0,,
391,DC127,Common Entry into Actuarial and Financial Mathematics,311.0,,
392,DC131,Communication Studies,322.0,,
393,DC132,Journalism,356.0,,
394,DC133,Multimedia,463.0,,
395,DC155,Applied Language and Translation Studies,219.0,,
396,DC161,Analytical Science,270.0,,
397,DC162,Chemical and Pharmaceutical Sciences,230.0,,
398,DC163,Chemical Sciences General Entry (Undenominated Ent,412.0,,
399,DC166,Environmental Science and Technology,307.0,,
400,DC167,Physics with Astronomy,307.0,,
401,DC168,Genetics and Cell Biology,211.0,,
402,DC171,Applied Physics,251.0,,
403,DC173,Physics with Biomedical Sciences,300.0,,
404,DC175,Physics General Entry (options),484.0,,
405,DC180,Biological Sciences General Entry (Undenominated E,311.0,,
406,DC181,Biotechnology,252.0,,
407,DC190,Electronic and Computer Engineering (with choice of four majors),261.0,,
408,DC193,Mechatronic Engineering,336.0,,
409,DC194,Sustainable Systems and Energy,244.0,,
410,DC195,Mechanical and Manufacturing Engineering,309.0,,
411,DC197,Biomedical Engineering,308.0,,
412,DC200,Common Entry into Engineering (Undenominated Entry),326.0,,
413,DC201,Common Entry into Science (Undenominated Entry),275.0,,
414,DC202,Sport Science and Health,536.0,,
415,DC203,Science Education,448.0,,
416,DC204,Athletic Therapy and Training,364.0,,
417,DC205,Physical Education with Biology,357.0,,
418,DC206,Physical Education with Mathematics,298.0,,
419,DC207,Psychology and Mathematics,700.0,,
420,DC208,Psychology,549.0,,
421,DC209,Health and Society,544.0,,
422,DC210,Psychology and Disruptive Technologies,700.0,,
423,DC215,General Nursing,299.0,,
424,DC216,Mental Health Nursing,280.0,,
425,DC217,Intellectual Disability Nursing,369.0,,
426,DC218,Children`s and General Nursing (Integrated),453.0,,
427,DC230,"Economics, Politics and Law",414.0,,
428,DC231,International Relations,367.0,,
429,DC232,Law and Society (BCL),270.0,,
430,DC235,Education and Training - Daytime and Flexible Delivery Mode (full-tim,326.0,,
431,DC238,Social Sciences and Cultural Innovation,251.0,,
432,DC239,"Gaeilge, Iriseoireacht agus na Meáin Dhigiteacha",378.0,,
433,DC240,"Marketing, Innovation and Technology",407.0,,
434,DC241,Digital Business and Innovation,320.0,,
435,DC291,Arts (Joint Honours) - Media Studies,477.0,,
436,DC292,Arts (Joint Honours) - Law,543.0,,
437,DC293,Arts (Joint Honours) - International Languages,589.0,,
438,DC294,Climate and Environmental Sustainability,497.0,,
439,DC295,Arts (Joint Honours) - Politics,590.0,,
440,DK710,Business and Management,564.0,,
441,DK711,Business and Technology,486.0,,
442,DK712,Digital Marketing and Public Relations,613.0,,
443,DK721,Computing,389.0,,
444,DK722,Augmented and Virtual Reality,602.0,,
445,DK730,Building Surveying,567.0,,
446,DK731,Architectural Technology,462.0,,
447,DK732,Construction Management,377.0,,
448,DK740,Engineering - Electrical and Electronic Systems,541.0,,
449,DK742,Engineering - Mechanical Engineering,566.0,,
450,DK744,Engineering - Civil Engineering,519.0,,
451,DK750,Hospitality Management,463.0,,
452,DK752,Event Management,578.0,,
453,DK753,Culinary Arts,555.0,,
454,DK763,"Sport, Exercise and Enterprise",549.0,,
455,DK767,Community Youth Work (interview),625.0,,
456,DK768,Audio and Music Production,589.0,,
457,DK769,Creative Media,589.0,,
458,DK770,Theatre & Film Practice,443.0,,
459,DK771,Musical Theatre (audition),499.0,,
460,DK781,Science - Bioscience,417.0,,
461,DK783,Science - Pharmaceutical Science,522.0,,
462,DK784,Veterinary Nursing,486.0,,
463,DK810,Accounting and Finance,743.0,,
464,DK816,Business Studies,625.0,,
465,DK820,Computing in Games Development,590.0,,
466,DK821,Computing in Software Development,577.0,,
467,DK822,Augmented and Virtual Reality,566.0,,
468,DK830,Building Surveying,601.0,,
469,DK831,Architectural Technology,577.0,,
470,DK832,Construction Management,554.0,,
471,DK843,Engineering (Common Entry),495.0,,
472,DK844,Mechanical Engineering,543.0,,
473,DK845,Electrical and Electronic Engineering,555.0,,
474,DK846,Civil Engineering,613.0,,
475,DK850,International Tourism Management,613.0,,
476,DK860,Music (audition),567.0,,
477,DK861,Arts,487.0,,
478,DK862,Social Care,564.0,,
479,DK863,Creative Media,530.0,,
480,DK864,Film and Television Production,487.0,,
481,DK865,Audio and Music Production,391.0,,
482,DK870,General Nursing,566.0,,
483,DK872,Intellectual Disability Nursing,456.0,,
484,DK874,Mental Health Nursing,473.0,,
485,DK876,Early Childhood Studies,442.0,,
486,DK877,Midwifery,410.0,,
487,DK880,Health and Physical Activity,531.0,,
488,DK882,Agriculture (Award options),521.0,,
489,DK883,Science (Award options),555.0,,
490,DK884,Sustainable Agriculture,435.0,,
491,DK885,Agri-Food Production,424.0,,
492,DK886,Biopharmaceutical Science,565.0,,
493,DK887,Environmental Science,567.0,,
494,DL701,Business - Applied Entrepreneurship,549.0,,
495,DL821,"English, Media and Cultural Studies",613.0,,
496,DL822,Arts Management,510.0,,
497,DL823,Business Management,444.0,,
498,DL825,Applied Psychology,531.0,,
499,DL826,Visual Communication Design,566.0,,
500,DL827,Art,601.0,,
501,DL828,"3D Design, Modelmaking and Digital Art",,,
502,DL829,Design for Stage and Screen (Costume Design),509.0,,
503,DL830,Design for Stage and Screen (Makeup Design),743.0,,
504,DL831,Design for Stage and Screen (Production Design),61.0,,
505,DL832,Animation,566.0,,
506,DL833,Photography and Visual Media,,,
507,DL834,Film and Television Production,601.0,,
508,DL835,Creative Media Technologies,543.0,,
509,DL836,Creative Computing,476.0,,
510,DL837,New Media Studies,613.0,,
511,DL838,Creative Music Production,462.0,,
512,DL839,Interaction and User Experience Design,533.0,,
513,DL840,Digital Marketing,509.0,,
514,DL841,English and Equality Studies,442.0,,
515,DL843,Film,378.0,,
516,DL844,Television,388.0,,
517,DL845,Design for Film (degree options),320.0,,
518,DN100,Architecture,567.0,,
519,DN120,Landscape Architecture,567.0,,
520,DN130,City Planning and Environmental Policy,555.0,,
521,DN150,Engineering (Common Entry),554.0,,
522,DN200,Science (options),625.0,,
523,DN201,Computer Science (Common Entry),474.0,,
524,DN230,Actuarial and Financial Studies,532.0,,
525,DN240,Sustainability,564.0,,
526,DN250,Agricultural Science (options),421.0,,
527,DN252,Dairy Business,307.0,,
528,DN253,Agri - Environmental Sciences,301.0,,
529,DN261,Food Science,309.0,,
530,DN262,Human Nutrition,316.0,,
531,DN271,Forestry,320.0,,
532,DN272,"Horticulture, Landscape and Sportsturf Management",305.0,,
533,DN300,Veterinary Medicine - Undergraduate Entry,314.0,,
534,DN301,Veterinary Medicine - Graduate Entry (GAMSAT required),305.0,,
535,DN310,Veterinary Nursing,391.0,,
536,DN400,Medicine - Undergraduate Entry (HPAT required),336.0,,
537,DN401,Medicine - Graduate Entry (GAMSAT required),331.0,,
538,DN410,Radiography,371.0,,
539,DN411,Radiography - Graduate Entry,303.0,,
540,DN420,Physiotherapy,302.0,,
541,DN425,Health and Performance Science,319.0,,
542,DN430,Sport and Exercise Management,320.0,,
543,DN440,"Biomedical, Health and Life Sciences",308.0,,
544,DN450,General Nursing,352.0,,
545,DN451,Children`s and General Nursing (Integrated),440.0,,
546,DN452,Midwifery,366.0,,
547,DN453,Mental Health Nursing,398.0,,
548,DN520,Joint Honours (options),300.0,,
549,DN530,Humanities (options),477.0,,
550,DN541,Modern Languages (options),301.0,,
551,DN600,Law (options),342.0,,
552,DN610,Business and Law,368.0,,
553,DN650,Commerce,348.0,,
554,DN660,Commerce International (options),,,
555,DN670,Economics and Finance,379.0,,
556,DN700,Social Sciences (options),377.0,,
557,DN710,Economics,303.0,,
558,DN720,Psychology,285.0,,
559,DN750,Social Policy and Sociology,298.0,,
560,DS602,Computing and Multimedia (Level 6 - Higher Certificat,300.0,,
561,DS603,Computing and Multimedia (Level 6 - Certificat,318.0,,
562,DS701,Business,287.0,,
563,DS702,Computing and Multimedia (Level 7),291.0,,
564,DT001,Product Design,301.0,,
565,DT028,Transport Operations and Technology,252.0,,
566,DT035,Electrical Services and Energy Management,790.0,,
567,DT066,Engineering (General Entry),331.0,,
568,DT101,Architecture (test and interview),406.0,,
569,DT106,Planning and Environmental Management,218.0,,
570,DT110,Property Economics (Valuation Surveying),252.0,,
571,DT111,Quantity Surveying and Construction Economics,235.0,,
572,DT112,Geographic Science,230.0,,
573,DT117,Construction Management,302.0,,
574,DT175,Architectural Technology,304.0,,
575,DT201,Science (General Entry),273.0,,
576,DT203,Analytical Chemistry (Environmental Forensic and Pharmaceutical),377.0,,
577,DT204,Biomedical Science,300.0,,
578,DT205,Mathematical Sciences,400.0,,
579,DT206,Biomedical and Molecular Diagnostics,312.0,,
580,DT211,Computer Science (Infrastructure),331.0,,
581,DT220,Industrial Mathematics,304.0,,
582,DT221,Physics with Energy and Environment,413.0,,
583,DT222,Physics Technology,336.0,,
584,DT223,Human Nutrition and Dietetics,366.0,,
585,DT224,Optometry,381.0,,
586,DT225,Public Health Nutrition,356.0,,
587,DT227,Science with Nanotechnology,301.0,,
588,DT228,Computer Science,445.0,,
589,DT229,Clinical Measurement Science,510.0,,
590,DT235,Physics with Medical Physics and Bioengineering,408.0,,
591,DT282,Computer Science (International),310.0,,
592,DT299,Chemical Sciences with Medicinal Chemistry,270.0,,
593,DT302,Business Analytics,340.0,,
594,DT304,E-Commerce in Retailing,366.0,,
595,DT321,Business and Law,368.0,,
596,DT341,Marketing,440.0,,
597,DT343,Retail and Services Management,369.0,,
598,DT354,Business Computing,269.0,,
599,DT358,Logistics and Supply Chain Management,201.0,,
600,DT365,Business and Management,265.0,,
601,DT366,Accounting and Finance,227.0,,
602,DT398,Human Resource Management,261.0,,
603,DT399,Economics and Finance,,,
604,DT401,International Hospitality Management,410.0,,
605,DT405,Culinary Science,346.0,,
606,DT407,Culinary Arts,360.0,,
607,DT412,Tourism Marketing,,,
608,DT413,Event Management,467.0,,
609,DT416,Culinary Entrepreneurship,326.0,,
610,DT420,Nutraceuticals in Health and Nutrition,555.0,,
611,DT421,Food Innovation,357.0,,
612,DT422,Pharmaceutical Healthcare,413.0,,
613,DT491,Environmental Health,387.0,,
614,DT501,Music,420.0,,
615,DT504,Film and Broadcasting,413.0,,
616,DT506,Commercial Modern Music,300.0,,
617,DT508,Game Design,430.0,,
618,DT517,Languages and English Studies,473.0,,
619,DT518,Languages and International Tourism,410.0,,
620,DT529,Drama (Performance),419.0,,
621,DT532,Law (LL.B.),403.0,,
622,DT544,Interior Design,421.0,,
623,DT545,Design - Visual Communication,346.0,,
624,DT546,Fine Art,465.0,,
625,DT555,International Business and Languages,462.0,,
626,DT559,Photography,451.0,,
627,DT571,Social Care,454.0,,
628,DT572,Early Childhood Education,425.0,,
629,DT582,Journalism,442.0,,
630,DT596,Print Media Technology and Management,526.0,,
631,DT597,Creative and Cultural Industries,476.0,,
632,GA160,Business,520.0,,
633,GA170,Business,518.0,,
634,GA171,Business Information Systems,506.0,,
635,GA172,Rural Enterprise and Agri-Business,509.0,,
636,GA174,Marketing and Sales,543.0,,
637,GA175,Finance,508.0,,
638,GA176,Business with Entrepreneurship,551.0,,
639,GA181,Accounting,510.0,,
640,GA182,Business,542.0,,
641,GA183,Business Information Systems,565.0,,
642,GA184,Marketing and Sales,506.0,,
643,GA185,Finance and Economics,548.0,,
644,GA186,Business with Entrepreneurship,503.0,,
645,GA187,Rural Enterprise and Agri-Business,709.0,,
646,GA272,Heritage Studies,488.0,,
647,GA273,Contemporary Art,613.0,,
648,GA274,Design,495.0,,
649,GA281,Film and Documentary,430.0,,
650,GA282,Heritage Studies,509.0,,
651,GA283,Contemporary Art (portfolio),467.0,,
652,GA284,Design,412.0,,
653,GA285,Education (Art  Design and Graphics),422.0,,
654,GA360,Business in Tourism,555.0,,
655,GA361,Culinary Arts,543.0,,
656,GA362,Hotel and Hospitality Operations,465.0,,
657,GA364,Heritage Studies,532.0,,
658,GA370,Hotel and Catering Management,485.0,,
659,GA376,Event Management with Public Relations,495.0,,
660,GA377,International Tourism Management,520.0,,
661,GA378,Culinary and Gastronomic Science,521.0,,
662,GA380,International Hotel Management,541.0,,
663,GA381,International Tourism Management,555.0,,
664,GA382,Culinary and Gastronomic Science,554.0,,
665,GA384,Event Management with Public Relations,431.0,,
666,GA385,Retail Management,509.0,,
667,GA470,Construction Management,433.0,,
668,GA471,Quantity Surveying and Construction Economics,737.0,,
669,GA472,Architectural Technology,601.0,,
670,GA473,Civil Engineering,578.0,,
671,GA480,Construction Management,526.0,,
672,GA482,Quantity Surveying and Construction Economics,496.0,,
673,GA483,Architectural Technology,441.0,,
674,GA484,Civil Engineering,509.0,,
675,GA570,Software and Electronic Engineering,312.0,,
676,GA580,Software and Electronic Engineering,288.0,,
677,GA670,Mechanical Engineering,261.0,,
678,GA673,Energy Engineering,290.0,,
679,GA674,Biomedical Engineering,290.0,,
680,GA675,Agricultural Engineering,301.0,,
681,GA676,Engineering (Common Entry to Manu/Agri/Biomed/Energy/Mech Eng),283.0,,
682,GA677,Manufacturing Engineering Design,304.0,,
683,GA680,Mechanical Engineering,262.0,,
684,GA681,Energy Engineering,234.0,,
685,GA682,Biomedical Engineering,300.0,,
686,GA683,Agricultural Engineering,321.0,,
687,GA684,Engineering (Common entry to Agri/Biomed/Energy/Mech Eng),320.0,,
688,GA685,Manufacturing Engineering Design,316.0,,
689,GA770,Applied Freshwater and Marine Biology,302.0,,
690,GA771,Applied Biology and Biopharmaceutical Science,300.0,,
691,GA772,Chemical and Pharmaceutical Science,429.0,,
692,GA773,Physics and Instrumentation,367.0,,
693,GA774,Science (Undenominated),357.0,,
694,GA775,Computing in Software Development,288.0,,
695,GA776,Computing and Digital Media,279.0,,
696,GA777,Agriculture and Environmental Management,209.0,,
697,GA780,Applied Freshwater and Marine Biology,280.0,,
698,GA781,Applied Biology and Biopharmaceutical Science,589.0,,
699,GA782,Chemical and Pharmaceutical Science,522.0,,
700,GA783,Physics and Instrumentation,485.0,,
701,GA784,Science (Undenominated),409.0,,
702,GA785,Medical Science,590.0,,
703,GA786,Forensic Science and Analysis,434.0,,
704,GA787,Computing in Software Development,370.0,,
705,GA788,Computing and Digital Media,407.0,,
706,GA789,Agriculture and Environmental Management (Mountbellew Campus),387.0,,
707,GA790,Sport and Exercise Science,509.0,,
708,GA791,Public Health Nutrition,476.0,,
709,GA862,History & Geography,292.0,,
710,GA864,Early Childhood Education and Care,290.0,,
711,GA870,Outdoor Education and Leisure,325.0,,
712,GA871,Early Childhood Education and Care,794.0,,
713,GA872,Culture and Environment,914.0,,
714,GA879,Applied Social Care,993.0,,
715,GA880,General Nursing,263.0,,
716,GA882,Psychiatric Nursing - Mayo Campus,331.0,,
717,GA885,Outdoor Education,300.0,,
718,GA887,History and Geography - Mayo Campus,298.0,,
719,GA889,Applied Social Care - Mayo Campus,255.0,,
720,GA890,Early Childhood Care and Education - Mayo Campus,280.0,,
721,GA891,Geography and Outdoor Education,226.0,,
722,GA892,Community Development and Youth Work (Level 8),260.0,,
723,GA974,"Furniture Design, Making and Technology - Common Entry",317.0,,
724,GA980,Education (Design Graphics and Construction) - Letterfrack Campus,326.0,,
725,GA981,Furniture Design and Manufacture,308.0,,
726,GA982,Furniture Making and Architectural Woodworking,278.0,,
727,GA983,Furniture and Digital Manufacturing,300.0,,
728,GA984,Furniture Design  Making and Technology - Common E,264.0,,
729,GB001,Business,391.0,,
730,GC200,Business Studies (Cork),498.0,,
731,GC201,Accounting and Finance,252.0,,
732,GC230,Computing Science,347.0,,
733,GC250,Communications and Media Production,369.0,,
734,GC300,Business Studies (Limerick),261.0,,
735,GC301,Accounting and Finance,374.0,,
736,GC302,Business Studies - HRM,264.0,,
737,GC305,International Hospitality Management,279.0,,
738,GC306,International Hospitality Management,262.0,,
739,GC307,Business (Marketing),262.0,,
740,GC335,Computing,381.0,,
741,GC400,Business Studies,308.0,,
742,GC401,Accounting and Finance (Dublin),368.0,,
743,GC402,"Business Studies (HRM, Dublin)",429.0,,
744,GC403,Law,310.0,,
745,GC405,International Hospitality Management (Dublin),377.0,,
746,GC407,"Business Studies (Marketing, Dublin)",319.0,,
747,GC410,Marketing,309.0,,
748,GC411,Business,357.0,,
749,GC430,Computing Science (Dublin),298.0,,
750,GC435,Computing,317.0,,
751,GC450,Journalism and Visual Media (Dublin),276.0,,
752,GC460,Music Production for Games (portfolio),228.0,,
753,GC462,Design Communication (portfolio),279.0,,
754,GC465,Communications,260.0,,
755,GC466,Film and TV Production,256.0,,
756,GC470,Photographic Media,289.0,,
757,GC475,Photography,841.0,,
758,GC489,Interior Architecture (portfolio),279.0,,
759,GC490,Interior Design,807.0,,
760,GC494,Fashion Design (portfolio),309.0,,
761,GC495,Fashion,360.0,,
762,GY101,Arts (Joint-Honours),451.0,,
763,GY104,Arts (Psychology),474.0,,
764,GY105,Arts (History),329.0,,
765,GY107,Na Dána (Gaeilge agus Léann an Aistriúcháin),420.0,,
766,GY109,Arts (Mathematics and Education),530.0,,
767,GY110,Arts with Children`s Studies,530.0,,
768,GY111,Arts with Creative Writing,432.0,,
769,GY112,Arts with Film Studies,409.0,,
770,GY113,Arts with Human Rights,429.0,,
771,GY115,Arts with Performing Arts Studies,451.0,,
772,GY118,Arts (Drama  Theatre and Performance Studies),555.0,,
773,GY119,Arts (Journalism),468.0,,
774,GY120,"Arts (Child, Youth and Family: Policy and Practice)",410.0,,
775,GY121,Arts (Children's Studies),430.0,,
776,GY122,Na DÃ¡na (CumarsÃ¡id agus Gaeilg,464.0,,
777,GY123,Applied Social Sciences,401.0,,
778,GY124,Arts (Arts with Data Science),567.0,,
779,GY125,Arts (Digital Arts and Technology),446.0,,
780,GY126,Arts (English and Media Studies),498.0,,
781,GY127,Arts (Film and Digital Media),544.0,,
782,GY128,Arts (Global Languages),506.0,,
783,GY129,Arts (Global Experienc,521.0,,
784,GY130,Arts (Music),367.0,,
785,GY131,Arts (History and Globalisation Studies),475.0,,
786,GY132,"Government (Politics, Economics and Law)",425.0,,
787,GY133,Education (Computer Science and Mathematical Studi,454.0,,
788,GY134,Geography and Geosystems,465.0,,
789,GY135,Arts (Global Media),520.0,,
790,GY136,Na DÃ¡na (LÃ©ann Teanga - options),613.0,,
791,GY201,Commerce,57.0,,
792,GY202,Commerce (International) with French,534.0,,
793,GY203,Commerce (International) with German,429.0,,
794,GY204,Commerce (International) with Spanish,441.0,,
795,GY206,Business Information Systems (Work Placement & Optional Int`l Study),476.0,,
796,GY207,Commerce (Accounting) including optional Global Ex,498.0,,
797,GY208,Commerce (Gaeilg,445.0,,
798,GY209,Commerce (Global Experience),402.0,,
799,GY250,Law and Business,382.0,,
800,GY251,Law (BCL),498.0,,
801,GY252,Law (BCL) and Human Rights,455.0,,
802,GY253,Law and Taxation,489.0,,
803,GY254,"Law (BCL), Criminology and Criminal Justice",487.0,,
804,GY261,Business Studies in International Hotel Management,466.0,,
805,GY262,"Commerce (International Hotel Management, Shannon)",443.0,,
806,GY301,Science,508.0,,
807,GY303,Biomedical Science,294.0,,
808,GY304,Biotechnology,,,
809,GY308,Environmental Science,564.0,,
810,GY309,Financial Mathematics and Economics,,,
811,GY310,Marine Science,381.0,,
812,GY313,Environmental Health and Safety,336.0,,
813,GY314,Earth and Ocean Sciences,,,
814,GY318,Biopharmaceutical Chemistry,554.0,,
815,GY319,Mathematical Science,390.0,,
816,GY320,Physics (Degree options: Applied Astrophysics Biom,324.0,,
817,GY321,Genetics and Genomics,,,
818,GY322,Agricultural Sciences,400.0,,
819,GY350,Computer Science and Information Technology,489.0,,
820,GY401,Engineering (Undenominated),451.0,,
821,GY402,Civil Engineering,422.0,,
822,GY405,Mechanical Engineering,521.0,,
823,GY406,Electronic and Computer Engineering,444.0,,
824,GY408,Biomedical Engineering,543.0,,
825,GY410,Project and Construction Management,529.0,,
826,GY413,Energy Systems Engineering,510.0,,
827,GY414,Electrical and Electronic Engineering,443.0,,
828,GY501,Medicine (five year/six year course  HPAT required,351.0,,
829,GY502,Occupational Therapy,326.0,,
830,GY503,Speech and Language Therapy,362.0,,
831,GY504,Podiatric Medicine,370.0,,
832,GY515,General Nursing (Galway and Portiuncula),476.0,,
833,GY516,Mental Health Nursing,424.0,,
834,GY517,Midwifery,441.0,,
835,ID001,Accounting and Finance,423.0,,
836,ID002,Business Studies,378.0,,
837,LC110,Art and Design (Common Entry  portfolio),507.0,,
838,LC114,Fashion and Textiles for Product and Costume (portfolio),465.0,,
839,LC115,Art and Design Teacher Education (portfolio),381.0,,
840,LC220,Digital Marketing,400.0,,
841,LC221,Accounting and Finance,520.0,,
842,LC222,Marketing and Management,,,
843,LC223,Law and Taxation,,,
844,LC224,Accounting and Finance,,,
845,LC225,Marketing and Management,533.0,,
846,LC226,Enterprise and Innovation,452.0,,
847,LC228,Sports Development and Coaching,457.0,,
848,LC230,Business with Computing,347.0,,
849,LC233,Software Development,419.0,,
850,LC234,Interactive Digital Media,432.0,,
851,LC235,Internet Systems Development,358.0,,
852,LC236,Internet Systems Development,262.0,,
853,LC239,Computer Networks and Systems Management,279.0,,
854,LC241,Construction Management,304.0,,
855,LC242,Property Valuation and Management,288.0,,
856,LC243,Quantity Surveying,298.0,,
857,LC248,Built Environment (Common Entry),298.0,,
858,LC251,Civil Engineering,341.0,,
859,LC252,Civil Engineering Management,287.0,,
860,LC257,Interior Design,309.0,,
861,LC260,Applied Biology,501.0,,
862,LC263,Clinical Technology,332.0,,
863,LC265,Forensic and Pharmaceutical Sciences,316.0,,
864,LC266,Drug and Medicinal Product Analysis,319.0,,
865,LC267,Forensic and Pharmaceutical Sciences,298.0,,
866,LC268,Medical Technology,308.0,,
867,LC270,Music Technology and Production,310.0,,
868,LC271,Electrical Engineering,336.0,,
869,LC275,Electrical Engineering,327.0,,
870,LC276,Creative Broadcast and Film Production,291.0,,
871,LC277,Industrial Automation and Robotic Systems,373.0,,
872,LC278,Renewable and Electrical Energy Engineering,418.0,,
873,LC279,Electronic Engineering,300.0,,
874,LC281,Automobile Technology,412.0,,
875,LC283,Precision Engineering,313.0,,
876,LC284,"Agricultural Mechanisation at Salesian Agricultural College,Pallaskenry",403.0,,
877,LC285,Mechanical Engineering,359.0,,
878,LC286,Road Transport Technology and Management,,,
879,LC288,Mechanical Engineering,384.0,,
880,LC289,Precision Engineering,307.0,,
881,LC290,Community Sport Development,376.0,,
882,LC292,Social Care Work,358.0,,
883,LC293,Business Studies with Travel and Tourism Managemen,357.0,,
884,LC294,Business Studies with Event Management,326.0,,
885,LC295,Business Studies with Sports Management,308.0,,
886,LC297,Community Development,315.0,,
887,LC320,Business,310.0,,
888,LC330,Business with Computing,718.0,,
889,LC336,Computing,322.0,,
890,LC340,Interior Design,308.0,,
891,LC362,Biotechnology and Biopharmaceutical Sciences,322.0,,
892,LC371,Creative Broadcast and Film Production,307.0,,
893,LC372,Music Technology and Production,293.0,,
894,LC374,Renewable and Electrical Energy Engineering,306.0,,
895,LC375,Industrial Automation & Robotic Systems,,,
896,LC376,Electronic Engineering,301.0,,
897,LC380,Automotive Engineering and Transport Management,361.0,,
898,LC392,Beauty and Spa Management,305.0,,
899,LC393,Early Childhood Education & Care,307.0,,
900,LC398,Culinary Arts,309.0,,
901,LC399,Hospitality Supervision,316.0,,
902,LC401,Early Childhood Education and Care,317.0,,
903,LC402,Social Care Work,303.0,,
904,LC408,Environmental Science and Climate,314.0,,
905,LC411,Marketing and Management (Thurles),308.0,,
906,LC414,Data Analytics and Cyber Security,341.0,,
907,LC415,Business,309.0,,
908,LC416,Business,301.0,,
909,LC418,Computing - Games Design and Development,,,
910,LC422,Applied Strength and Conditioning,463.0,,
911,LC423,Sports Strength and Conditioning,419.0,,
912,LC425,Environmental Science,261.0,,
913,LC428,Environmental Science and Agriculture,279.0,,
914,LC432,Early Childhood Education and Care,271.0,,
915,LC434,Environmental Science and Agriculture,270.0,,
916,LC502,Game Art and Design (portfolio),270.0,,
917,LC504,Creative Media and Design,262.0,,
918,LC517,Creative Media and Design,321.0,,
919,LC518,Digital Animation Production (portfolio),279.0,,
920,LC602,Social Care Work,308.0,,
921,LC603,Early Childhood Education and Care,225.0,,
922,LC605,Business,446.0,,
923,LC612,Social Care Work,415.0,,
924,LC613,Early Childhood Education and Care,390.0,,
925,LM002,Arts,267.0,,
926,LM019,Social Sciences,252.0,,
927,LM020,Law and Accounting,280.0,,
928,LM026,Performing Arts (audition required),309.0,,
929,LM028,Criminal Justice,288.0,,
930,LM029,Law Plus,280.0,,
931,LM038,Psychology and Sociology,243.0,,
932,LM039,Journalism and Digital Communication,270.0,,
933,LM040,European Studies,226.0,,
934,LM044,Applied Languages,456.0,,
935,LM050,Business Studies,261.0,,
936,LM056,International Business,276.0,,
937,LM058,Financial Mathematics,377.0,,
938,LM063,Technology Management,271.0,,
939,LM066,Environmental Science,279.0,,
940,LM068,Food Science and Health,237.0,,
941,LM076,Product Design and Technology (portfolio required),279.0,,
942,LM077,Aeronautical Engineering,201.0,,
943,LM082,Construction Management and Engineering,260.0,,
944,LM089,Sport and Exercise Sciences,270.0,,
945,LM090,Physical Education with concurrent Teacher Educati,262.0,,
946,LM091,Languages with concurrent Teacher Education,230.0,,
947,LM092,Science with Teacher Ed (Biology with Physics/Chemistry/Ag Science),266.0,,
948,LM093,Equine Science,261.0,,
949,LM094,Materials and Architectural Technology with concurrent Teacher Education,,,
950,LM095,Materials and Engineering Technology with concurrent Teacher Education,,,
951,LM096,Science with Teacher Ed (Physical Sciences with Ch,,,
952,LM097,Mathematics and Computer Science with concurrent Teacher Education,,,
953,LM099,Architecture (portfolio requirement suspended),,,
954,LM100,Physiotherapy,,,
955,LM101,Medicine  - Graduate Entry (GAMSAT required),,,
956,LM102,Psychology,,,
957,LM103,Paramedic Studies (B/C1/C1 Provisional Drivers Licenc,,,
958,LM105,Exercise and Health Fitness Management,,,
959,LM115,Chemical and Biochemical Engineering,,,
960,LM116,Engineering (Biomedical/Civil/Design and Manufactu,,,
961,LM118,Electronic and Computer Engineering,,,
962,LM121,Computer Science (Computer Systems/Games Dev/Mobile Comm Security),,,
963,LM122,Creative Media and Interaction Design (Digital Design/Music Media Tech),,,
964,LM123,Biological & Chemical Sciences (Biosci/Envir Sci/Ind Bio/IndPharma Chem),,,
965,LM124,Mathematics (Math Science/Maths and Physics/Economics and Maths),,,
966,LM125,Physics (Applied Physics or Mathematics & Physics),,,
967,LM150,General Nursing,,,
968,LM152,Mental Health Nursing,,,
969,LM154,Intellectual Disability Nursing,,,
970,LM156,Midwifery,,,
971,LM180,Equine Science,,,
972,LY107,Business - Common Entry,,,
973,LY108,Business - Accounting,,,
974,LY118,Business,,,
975,LY128,Marketing with Online Technologies,,,
976,LY206,Sports Studies,,,
977,LY207,Law with Criminal Justice,,,
978,LY208,Law,,,
979,LY218,Business - with Spanish/Irish options,,,
980,LY228,Sports and Exercise - Common Entry,,,
981,LY317,Culinary Arts,,,
982,LY327,Hospitality And Tourism - Common Entry,,,
983,LY408,Design - Common Entry,,,
984,LY427,Digital Film and Video,,,
985,LY437,Animation,,,
986,LY447,Fashion with Promotion,,,
987,LY457,Graphic and Digital Design,,,
988,LY507,Quantity Surveying,,,
989,LY508,Fire Safety Engineering,,,
990,LY518,Quantity Surveying,,,
991,LY527,Civil Engineering,,,
992,LY528,Construction Management,,,
993,LY538,Architectural Technology,,,
994,LY607,Electronic Engineering,,,
995,LY608,Mechanical Engineering,,,
996,LY617,Mechanical Engineering,,,
997,LY618,Electronics and Embedded Systems,,,
998,LY707,Computer Games Development,,,
999,LY708,Applied Computing,,,
1000,LY717,Computing,,,
1001,LY737,Computer Security and Digital Forensics,,,
1002,LY748,Computer Science,,,
1003,LY806,Pharmacy Technician,,,
1004,LY816,Dental Nursing,,,
1005,LY817,Bioscience,,,
1006,LY818,Science - Common Entry,,,
1007,LY826,Health Science with Physiotherapy Studies,,,
1008,LY828,Agriculture - Common Entry,,,
1009,LY836,Health Science with Occupational Therapy Studies,,,
1010,LY837,Food Science and Nutrition,,,
1011,LY846,Health Science with Dietetics Studies,,,
1012,LY847,Veterinary Nursing,,,
1013,LY867,Pharmaceutical & Medicinal Science,,,
1014,LY877,Agriculture,,,
1015,LY906,"Early Childhood Care, Health and Education",,,
1016,LY908,General Nursing,,,
1017,LY916,Health and Social Care,,,
1018,LY918,Psychiatric Nursing,,,
1019,LY928,Intellectual Disability Nursing,,,
1020,LY968,"Early Childhood Care, Health and Education",,,
1021,LY978,Health & Social Care - Common Entry,,,
1022,MH001,Education - Primary Teaching (Froebel),,,
1023,MH002,Education - Primary Teaching - Gaeltacht Applicant,,,
1024,MH003,Early Childhood - Teaching and Learning (full-time,,,
1025,MH101,Arts,,,
1026,MH103,Music,,,
1027,MH106,Psychology - 3 years,,,
1028,MH107,Social Science,,,
1029,MH109,Media Studies,,,
1030,MH116,Community and Youth Work (Full-Tim,,,
1031,MH201,Science,,,
1032,MH202,Biotechnology,,,
1033,MH203,Biological and Geographical Sciences,,,
1034,MH204,Physics with Astrophysics,,,
1035,MH206,Theoretical Physics and Mathematics,,,
1036,MH207,Data Science,,,
1037,MH208,Biological and Biomedical Sciences,,,
1038,MH209,Psychology (through Science) - 4 years,,,
1039,MH210,Pharmaceutical and Biomedical Chemistry,,,
1040,MH212,Science|Maths and Computer Science|Mathematics (wi,,,
1041,MH304,Engineering (Computer/Electronic/Communications),,,
1042,MH305,Product Design,,,
1043,MH306,Robotics and Intelligent Devices,,,
1044,MH401,Finance (options),,,
1045,MH402,Quantitative Finance,,,
1046,MH403,Accounting and Finance,,,
1047,MH404,Business (options),,,
1048,MH405,Equine Business,,,
1049,MH407,Business and Accounting,,,
1050,MH411,Entrepreneurship,,,
1051,MH501,LLB Law - four year Single Major Law programme,,,
1052,MH502,Law (options),,,
1053,MH601,Computer Science through Arts (options),,,
1054,MH602,Computer Science through Science (options),,,
1055,MH603,Computational Thinking,,,
1056,MH801,Early Childhood - Teaching and Learning (part-time,,,
1057,MH802,Community and Youth Work (part-time  in servic,,,
1058,MH803,"Local Studies/Community Studies (part-time, evening) - Mature Students",,,
1059,MI001,Contemporary & Applied Theatre Studies,,,
1060,MI002,Arts (offered in conjunction with the University of Limerick),,,
1061,MI004,Education - Primary Teaching - International,,,
1062,MI005,Education - Primary Teaching,,,
1063,MI006,Education - Primary Teaching (Gaeltacht Applicants),,,
1064,MI007,Early Childhood Care and Education,,,
1065,MI008,Education and Psychology - Primary Teaching,,,
1066,MI009,Education  Business Studies and Accounting,,,
1067,MI010,Education  Business Studies and Religious Studies,,,
1068,MI011,"Education, Gaeilge and Religious Studies",,,
1069,MI012,Education  Gaeilge and Business Studies,,,
1070,MI013,"Education, Mathematics and Gaeilge (Thurles Campus)",,,
1071,MI014,Education  Mathematics and Business Studies,,,
1072,MU001,Theology and Arts,,,
1073,MU002,Theology,,,
1074,NC003,Computing (Degree Award options),,,
1075,NC005,Human Resource Management,,,
1076,NC009,Business,,,
1077,NC010,Psychology,,,
1078,NC020,Marketing Practice,,,
1079,NC022,Accounting and Finance,,,
1080,NC023,Technology Management (with specialisations),,,
1081,NC025,Data Science,,,
1082,NC030,Early Childhood Education and Care,,,
1083,NC102,Computing,,,
1084,NC103,Business,,,
1085,NC104,Business Computing,,,
1086,NM701,Montessori Education,,,
1087,NM801,Montessori Education,,,
1088,NM802,Psychology,,,
1089,PC402,Arts and Humanities,,,
1090,PC404,Applied Social Studies - Professional Social Care,,,
1091,PC405,Social  Political and Community Studies,,,
1092,PC410,Arts and Humanities (fulfils Teaching Council requ,,,
1093,PC411,English and History (fulfils Teaching Council requ,,,
1094,RC001,Medicine - Undergraduate Entry (HPAT required),,,
1095,RC004,Physiotherapy,,,
1096,RC005,Pharmacy,,,
1097,RC101,Medicine - Graduate Entry (GAMSAT required),,,
1098,SG101,Business,,,
1099,SG102,Computing (Level 6 - General Entry),,,
1100,SG131,Computing - Games Development,,,
1101,SG134,Applied Sport with Business,,,
1102,SG135,Business in Tourism with Event Management,,,
1103,SG136,Computing - Software Development,,,
1104,SG137,Computing (Computer Networks and Cloud Infrastructur,,,
1105,SG138,Computing (Level 7 - General Entry),,,
1106,SG141,Business,,,
1107,SG142,Business in International Marketing and Sales with French,,,
1108,SG144,Business in International Marketing and Sales with Spanish,,,
1109,SG145,Business and ICT,,,
1110,SG146,Accounting,,,
1111,SG147,Sport with Business,,,
1112,SG148,Tourism with Event Management,,,
1113,SG149,Business in Finance and Investment,,,
1114,SG150,Business in Marketing,,,
1115,SG231,Fine Art,,,
1116,SG232,Creative Design,,,
1117,SG235,Performing Arts (Theatre Design),,,
1118,SG236,Performing Arts (Acting),,,
1119,SG241,Performing Arts,,,
1120,SG242,Early Childhood Care and Education,,,
1121,SG243,Social Care Practice,,,
1122,SG244,Fine Art,,,
1123,SG245,Creative Design,,,
1124,SG246,Computing,,,
1125,SG247,English and Psychology,,,
1126,SG248,Sociology and Politics,,,
1127,SG249,Writing and Literature,,,
1128,SG250,Application Design and User Experience,,,
1129,SG251,Computing (Smart Technologies),,,
1130,SG252,Software Development,,,
1131,SG253,Computer Networks and Cloud Infrastructure,,,
1132,SG254,Writing and Literature Online,,,
1133,SG255,Law and Business,,,
1134,SG300,Engineering (General Entry),,,
1135,SG302,Construction Economics,,,
1136,SG308,Applied Construction Technology,,,
1137,SG330,Engineering (General Entry),,,
1138,SG331,Interior Architecture and Design,,,
1139,SG332,Advanced Wood and Sustainable Building Technology,,,
1140,SG333,Mechanical Engineering,,,
1141,SG334,Mechatronic Engineering,,,
1142,SG336,Precision Engineering and Design,,,
1143,SG338,Civil Engineering,,,
1144,SG339,Quantity Surveying,,,
1145,SG341,General Engineering,,,
1146,SG342,Civil Engineering,,,
1147,SG343,Quantity Surveying,,,
1148,SG344,Mechanical Engineering,,,
1149,SG346,Construction Project Management and Applied Techno,,,
1150,SG347,Architecture,,,
1151,SG348,Interior Architecture and Design,,,
1152,SG349,Electronics and Self Driving Technologies,,,
1153,SG350,Robotics and Automation,,,
1154,SG401,Science,,,
1155,SG404,Environmental Science with Ecology (Level 6),,,
1156,SG406,Health and Exercise Science,,,
1157,SG431,Pharmaceutical Science with Drug Development,,,
1158,SG433,Occupational Safety and Health,,,
1159,SG434,Human Nutrition,,,
1160,SG435,Health Science and Physiology,,,
1161,SG436,Biomedical Science,,,
1162,SG437,Forensic Investigation and Analysis,,,
1163,SG439,Environmental Science with Ecology (Level 7),,,
1164,SG441,Environmental Science,,,
1165,SG442,Occupational Safety and Health,,,
1166,SG443,Human Nutrition,,,
1167,SG444,Science Undenominated,,,
1168,SG445,Pharmaceutical Science with Drug Development,,,
1169,SG446,Applied Archaeology,,,
1170,SG447,Health Science and Physical Activity,,,
1171,SG448,Forensic Investigation and Analysis,,,
1172,SG449,Medical Biotechnology,,,
1173,SG450,Environmental Science with Ecology (Level 8),,,
1174,SG530,Health and Medical Information Science (Onlin,,,
1175,SG535,Business Administration,,,
1176,SG536,Business,,,
1177,SG537,Marketing and Sales,,,
1178,TA022,Creative Digital Media,,,
1179,TA023,Advertising and Marketing Communications,,,
1180,TA024,Early Childhood Care and Education,,,
1181,TA025,Social Care Practice,,,
1182,TA026,International Hospitality and Tourism Management,,,
1183,TA027,Botanical Cuisine,,,
1184,TA028,Digital Marketing Technologies,,,
1185,TA121,Accounting and Finance,,,
1186,TA122,Management,,,
1187,TA123,Marketing Management,,,
1188,TA125,International Business,,,
1189,TA221,Electronic Engineering,,,
1190,TA222,Mechanical Engineering,,,
1191,TA223,Sustainable Energy Engineering,,,
1192,TA224,Biomedical Design,,,
1193,TA225,Automation Engineering,,,
1194,TA226,Engineering Software,,,
1195,TA321,Pharmaceutical Science,,,
1196,TA322,Computing,,,
1197,TA323,Computing with IT Management,,,
1198,TA326,DNA and Forensic Analysis,,,
1199,TA327,Sports Science and Health,,,
1200,TA328,Computing with Language (French/German/Spanish),,,
1201,TA329,Computing with Data Analytics,,,
1202,TL620,Culinary Arts,,,
1203,TL651,Science (Biological and Environmental Studies),,,
1204,TL652,Pharmacy Technician,,,
1205,TL701,"Animation, Visual Effects and Motion Design (Level 7)",,,
1206,TL702,"TV, Radio and New Media (Level 7)",,,
1207,TL710,Computing with Software Development,,,
1208,TL711,Computing with Games Development,,,
1209,TL715,Computing (Degree Award options),,,
1210,TL716,Computer Systems and Networking,,,
1211,TL731,Business (Major Specialism in: Acctng or Mktg or Mgmnt),,,
1212,TL743,Agricultural Mechanisation,,,
1213,TL744,Agricultural Engineering,,,
1214,TL745,Civil and Environmental Engineering,,,
1215,TL747,Engineering in Mechanical and Manufacturing Engineering,,,
1216,TL748,Agricultural Science,,,
1217,TL755,Pharmaceutical Science (Degree Award options),,,
1218,TL758,Animal Bioscience,,,
1219,TL771,Health and Leisure (Degree Award Options),,,
1220,TL772,Health and Leisure with Massage,,,
1221,TL773,Coaching and Sports Performance,,,
1222,TL780,Early Childhood Care and Education,,,
1223,TL781,Social Care,,,
1224,TL801,"Animation, Visual Effects and Motion Design (Level 8)",,,
1225,TL802,TV  Radio and New Media (Level 8),,,
1226,TL803,Music Technology,,,
1227,TL810,Computing with Software Development,,,
1228,TL811,Computing with Games Development,,,
1229,TL812,Computing with Digital Media,,,
1230,TL815,Computing (Degree Award options),,,
1231,TL823,Event Management (3 year programm,,,
1232,TL831,Business Studies (Major Specialism in: Acctng or M,,,
1233,TL842,Construction Management,,,
1234,TL844,Agricultural Engineering,,,
1235,TL845,Civil Engineering,,,
1236,TL847,Manufacturing Engineering,,,
1237,TL848,Agricultural Science,,,
1238,TL851,Wildlife Biology (Degree Award options),,,
1239,TL855,Pharmaceutical Science (Degree Award options),,,
1240,TL858,Veterinary Bioscience,,,
1241,TL871,Health and Leisure (Degree Award options),,,
1242,TL872,Health and Leisure with Massage,,,
1243,TL873,Coaching and Sports Performance,,,
1244,TL874,Inclusive Sport and Physical Activity,,,
1245,TL880,Early Childhood Care and Education,,,
1246,TL881,Social Care,,,
1247,TL889,Counselling with Addiction - Mature applicants onl,,,
1248,TL890,General Nursing and Mature Applicants,,,
1249,TL891,Mental Health Nursing and Mature Applicants,,,
1250,TR002,Music,,,
1251,TR003,History,,,
1252,TR004,Law,,,
1253,TR005,Philosophy,,,
1254,TR006,Psychology,,,
1255,TR007,Clinical Speech and Language Studies,,,
1256,TR009,Music Education,,,
1257,TR012,History and Political Science,,,
1258,TR015,"Philosophy, Political Science, Economics and Sociology",,,
1259,TR016,Deaf Studies,,,
1260,TR017,Law and Business,,,
1261,TR018,Law and French,,,
1262,TR019,Law and German,,,
1263,TR020,Law and Political Science,,,
1264,TR021,"Classics, Ancient History and Archaeology",,,
1265,TR022,Early and Modern Irish,,,
1266,TR023,English Studies,,,
1267,TR024,European Studies,,,
1268,TR025,Drama and Theatre Studies,,,
1269,TR028,Ancient and Medieval History and Culture,,,
1270,TR029,Political Science and Geography,,,
1271,TR031,Mathematics,,,
1272,TR032,Engineering,,,
1273,TR033,Computer Science,,,
1274,TR034,Management Science and Information Systems Studies,,,
1275,TR035,Theoretical Physics,,,
1276,TR038,Engineering with Management,,,
1277,TR039,Computer Science and Language,,,
1278,TR040,Middle Eastern and European Languages and Cultures,,,
1279,TR041,Religion,,,
1280,TR042,Film,,,
1281,TR043,History of Art and Architecture,,,
1282,TR051,Medicine (HPAT required),,,
1283,TR052,Dental Science,,,
1284,TR053,Physiotherapy,,,
1285,TR054,Occupational Therapy,,,
1286,TR055,Radiation Therapy,,,
1287,TR056,Human Health and Disease,,,
1288,TR060,Biological and Biomedical Sciences,,,
1289,TR061,Chemical Sciences,,,
1290,TR062,Geography and Geoscience,,,
1291,TR063,Physical Sciences,,,
1292,TR064,Environmental Science and Engineering,,,
1293,TR072,Pharmacy,,,
1294,TR080,Global Business,,,
1295,TR081,"Business, Economic and Social Studies (BESS)",,,
1296,TR082,Computer Science and Business,,,
1297,TR083,Sociology and Social Policy,,,
1298,TR084,Social Studies (Social Work),,,
1299,TR085,Business Studies and French,,,
1300,TR086,Business Studies and German,,,
1301,TR087,Business Studies and Russian,,,
1302,TR089,Business Studies and Polish,,,
1303,TR090,Business Studies and Spanish,,,
1304,TR091,General Nursing (Meath and St James`s),,,
1305,TR093,General Nursing (Adelaide School of Nursing),,,
1306,TR095,Mental Health Nursing,,,
1307,TR097,Intellectual Disability Nursing,,,
1308,TR111,Ancient History and Archaeology/Geography,,,
1309,TR112,Ancient History and Archaeology/History,,,
1310,TR113,Ancient History and Archaeology/History of Art and Architecture,,,
1311,TR114,Ancient History and Archaeology/Modern Language,,,
1312,TR117,Ancient History and Archaeology/Religion,,,
1313,TR166,Classical Civilisation/English Literature,,,
1314,TR173,Classical Civilisation/History of Art and Architecture,,,
1315,TR177,Classical Civilisation/Modern Language,,,
1316,TR179,Classical Civilisation/Philosophy,,,
1317,TR198,Economics/Geography,,,
1318,TR202,Economics/History,,,
1319,TR207,Economics/Mathematics,,,
1320,TR208,Economics/Modern Language,,,
1321,TR209,Economics/Philosophy,,,
1322,TR212,Economics/Sociology,,,
1323,TR228,Classical Languages/English Literature,,,
1324,TR231,Classical Languages/History of Art and Architecture,,,
1325,TR233,"Classical Languages/Middle Eastern,Jewish and Islamic Civilisations",,,
1326,TR239,Classical Languages/Modern Language,,,
1327,TR262,English Literature/History,,,
1328,TR263,English Literature/History of Art and Architecture,,,
1329,TR269,English Literature/Philosophy,,,
1330,TR272,English Literature/Sociology,,,
1331,TR276,English Literature/Drama Studies,,,
1332,TR277,English Literature/Modern Language,,,
1333,TR311,Film/Drama Studies,,,
1334,TR312,Film/English Literature,,,
1335,TR320,Film/Music,,,
1336,TR322,Geography/History,,,
1337,TR323,Drama Studies/Modern Language,,,
1338,TR324,Film/Modern Language,,,
1339,TR325,Film/History,,,
1340,TR326,Geography/Modern Language,,,
1341,TR332,Geography/Sociology,,,
1342,TR443,History/History of Art and Architecture,,,
1343,TR447,History/Modern Language,,,
1344,TR449,History/Philosophy,,,
1345,TR452,History/Sociology,,,
1346,TR454,History/Religion,,,
1347,TR455,History of Art and Architecture/Modern Language,,,
1348,TR479,History of Art and Architecture/Philosophy,,,
1349,TR547,"Middle Eastern,Jewish and Islamic Civ./Ancient History and Archaeology",,,
1350,TR548,"Middle Eastern,Jewish and Islamic Civilisations/Classical Civilisation",,,
1351,TR554,"Middle Eastern,Jewish and Islamic Civilisations/History",,,
1352,TR563,"Middle Eastern,Jewish and Islamic Civilisations/Modern Language",,,
1353,TR564,"Middle Eastern,Jewish and Islamic Civilisations/Music",,,
1354,TR565,"Middle Eastern,Jewish and Islamic Civilisations/Religion",,,
1355,TR597,Mathematics/Modern Language,,,
1356,TR598,Mathematics/Music,,,
1357,TR599,Mathematics/Philosophy,,,
1358,TR629,Music/Philosophy,,,
1359,TR635,Music/Drama Studies,,,
1360,TR636,Music/Modern Language,,,
1361,TR638,Music/Religion,,,
1362,TR639,Philosophy/Modern Language,,,
1363,TR662,Philosophy/Sociology,,,
1364,TR663,Religion/Classical Civilisation,,,
1365,TR664,Religion/English Literature,,,
1366,TR665,Religion/History of Art and Architecture,,,
1367,TR666,Religion/Modern Language,,,
1368,TR667,French/Modern Language,,,
1369,TR668,German/Modern Language,,,
1370,TR669,Irish/Modern Language,,,
1371,TR670,Italian/Modern Language,,,
1372,TR671,Russian/Modern Language,,,
1373,TR672,Spanish/Modern Language,,,
1374,TR755,Sociology/Drama Studies,,,
1375,TR756,Sociology/Modern Language,,,
1376,TR801,Dental Nursing,,,
1377,TR802,Dental Hygiene,,,
1378,TR803,Dental Technology,,,
1379,TR911,Children`s and General Nursing (Integrated),,,
1380,TR913,Midwifery,,,
1381,TU601,Electronic Engineering,,,
1382,TU602,Computer Engineering,,,
1383,TU603,Mechanical Engineering,,,
1384,TU641,Bar and Restaurant Management,,,
1385,TU642,Culinary Arts,,,
1386,TU643,Culinary Arts (Professional Cookery Practic,,,
1387,TU644,Food Management and Entrepreneurship,,,
1388,TU645,Food Science and Management,,,
1389,TU651,Applied Biology,,,
1390,TU652,Computing,,,
1391,TU653,Computing (Information Technology),,,
1392,TU654,Pharmacy Technician Studies,,,
1393,TU655,Computing (Networking Technologies) Learn and Work,,,
1394,TU671,Business,,,
1395,TU672,Business (Common entry),,,
1396,TU673,Business Management,,,
1397,TU674,Business Studies,,,
1398,TU675,Marketing,,,
1399,TU676,Retail Management and Marketing,,,
1400,TU701,Automation Engineering,,,
1401,TU702,Biomedical Design,,,
1402,TU703,Building Engineering,,,
1403,TU704,Civil Engineering,,,
1404,TU705,Electrical and Control Engineering,,,
1405,TU706,Electrical Services Engineering,,,
1406,TU707,Electronic Engineering,,,
1407,TU708,Engineering (Common Entry with Award options),,,
1408,TU709,Engineering (General Entry),,,
1409,TU710,Engineering Reliability Management,,,
1410,TU711,Mechatronic Engineering,,,
1411,TU712,Sustainable Energy and Environmental Engineering,,,
1412,TU713,Computer Engineering,,,
1413,TU714,Electronics and Communications Engineering,,,
1414,TU715,Engineering Software,,,
1415,TU716,Networking Technology,,,
1416,TU717,Mechanical Engineering,,,
1417,TU718,Mechanical Engineering,,,
1418,TU719,"Design,Technology and Innovation",,,
1419,TU720,Automotive Management and Technology,,,
1420,TU721,Aviation Technology,,,
1421,TU722,Process Instrumentation and Automation Learn and Work,,,
1422,TU731,"Auctioneering, Valuation and Estate Agency",,,
1423,TU732,Timber Product Technology,,,
1424,TU735,Sports Management and Coaching,,,
1425,TU736,Sports Science and Health,,,
1426,TU741,Baking and Pastry Arts Management,,,
1427,TU742,Culinary Arts,,,
1428,TU745,Hospitality Management,,,
1429,TU746,International Hospitality and Tourism Management,,,
1430,TU747,Tourism Management,,,
1431,TU751,Biosciences,,,
1432,TU752,DNA and Forensic Analysis,,,
1433,TU754,Industrial and Environmental Physics,,,
1434,TU755,Science (General Entry),,,
1435,TU756,Computing,,,
1436,TU757,Computing (Information Technology),,,
1437,TU758,Digital Forensics and Cyber Security,,,
1438,TU759,Information Technology Management,,,
1439,TU760,Bioanalysis,,,
1440,TU761,Ophthalmic Dispensing,,,
1441,TU762,Medicinal Chemistry and Pharmaceutical Sciences,,,
1442,TU763,Pharmaceutical Science,,,
1443,TU771,Business,,,
1444,TU772,Business (Common Entry with Award options),,,
1445,TU774,Management,,,
1446,TU775,Accounting and Finance,,,
1447,TU776,Accounting and Finance,,,
1448,TU777,Business and Information Technology,,,
1449,TU778,International Business,,,
1450,TU779,International Business,,,
1451,TU780,Advertising and Marketing Communications,,,
1452,TU781,Digital Marketing,,,
1453,TU782,Digital Marketing,,,
1454,TU783,Marketing,,,
1455,TU791,Applied Social Studies in Social Care,,,
1456,TU792,Community and Youth Development,,,
1457,TU793,Early Childhood Care and Education,,,
1458,TU794,Early Childhood Care and Education,,,
1459,TU795,Visual Merchandising and Display,,,
1460,TU796,Creative Digital Media,,,
1461,TU801,Sustainable Energy Engineering,,,
1462,TU802,Electrical Services and Energy Management,,,
1463,TU803,Electronic Engineering,,,
1464,TU804,Engineering (Common Entry with Award options),,,
1465,TU805,Engineering (General Entry),,,
1466,TU806,Sustainable Energy Engineering,,,
1467,TU807,Computer Engineering in Mobile Systems,,,
1468,TU808,Engineering Software,,,
1469,TU809,Mechanical Engineering,,,
1470,TU810,Mechatronic Engineering,,,
1471,TU811,Product Design,,,
1472,TU812,Design Technology and Innovation,,,
1473,TU813,Automation Engineering,,,
1474,TU814,Transport Operations and Technology,,,
1475,TU828,Mechanical Engineering (General Entry),,,
1476,TU829,Electronic Engineering (General Entry),,,
1477,TU831,Architectural Technology,,,
1478,TU832,Architecture (Suitability Test and Interview),,,
1479,TU833,Construction Management,,,
1480,TU834,Geographic Science,,,
1481,TU835,Planning and Environmental Management,,,
1482,TU836,Property Economics (Valuation Surveying),,,
1483,TU837,Quantity Surveying and Construction Economics,,,
1484,TU838,Sustainable Timber Technology,,,
1485,TU851,Analytical Chemistry (Environmental  Forensic and,,,
1486,TU852,Chemical Sciences with Medicinal Chemistry,,,
1487,TU854,Science (General Entry),,,
1488,TU855,Science with Nanotechnology,,,
1489,TU856,Computer Science,,,
1490,TU857,Computer Science (Infrastructur,,,
1491,TU858,Computer Science (International),,,
1492,TU859,Computing,,,
1493,TU860,Computing (Information Technology),,,
1494,TU861,Computing with Language (French/German/Spanish),,,
1495,TU862,Computing with Data Analytics,,,
1496,TU863,Digital Forensics and Cyber Security,,,
1497,TU864,DNA and Forensic Analysis,,,
1498,TU865,Cloud Computing,,,
1499,TU866,Biomedical and Molecular Diagnostics,,,
1500,TU867,Biomedical Science,,,
1501,TU868,Clinical Measurement Science,,,
1502,TU869,Environmental Health,,,
1503,TU870,Human Nutrition and Dietetics,,,
1504,TU871,Optometry,,,
1505,TU872,Public Health Nutrition,,,
1506,TU873,Industrial Mathematics,,,
1507,TU874,Mathematical Sciences,,,
1508,TU875,Pharmaceutical Healthcare,,,
1509,TU876,Pharmaceutical Science,,,
1510,TU877,Physics Technology,,,
1511,TU878,Physics with Energy and Environment,,,
1512,TU879,Physics with Medical Physics and Bioengineering,,,
1513,TU880,Physics with Data Science,,,
1514,TU881,Food Innovation,,,
1515,TU882,Nutraceuticals in Health and Nutrition,,,
1516,TU901,Business,,,
1517,TU902,Business (Common Entry with Award options),,,
1518,TU903,Business and Management,,,
1519,TU904,Business and Law,,,
1520,TU905,Economics and Finance,,,
1521,TU906,Human Resource Management,,,
1522,TU907,Logistics and Supply Chain Management,,,
1523,TU908,Management,,,
1524,TU909,Accounting and Finance,,,
1525,TU910,Accounting,,,
1526,TU911,Accounting and Finance,,,
1527,TU912,Business Analytics,,,
1528,TU913,Business and Information Technology,,,
1529,TU914,Business Computing,,,
1530,TU915,International Business,,,
1531,TU916,International Business,,,
1532,TU917,Law (LLB ) with a Language,,,
1533,TU918,Law (LLB),,,
1534,TU919,Advertising and Marketing Communications,,,
1535,TU920,Digital Marketing,,,
1536,TU921,Digital Marketing Technologies,,,
1537,TU922,Marketing,,,
1538,TU923,Marketing Management,,,
1539,TU924,E-Commerce in Retailing,,,
1540,TU925,Retail and Services Management,,,
1541,TU932,Business (options),,,
1542,TU933,Accounting and Finance (campus options),,,
1543,TU935,Sports Management and Coaching,,,
1544,TU936,Sports Science and Health,,,
1545,TU941,Botanical Cuisine,,,
1546,TU942,Culinary Arts,,,
1547,TU943,Culinary Entrepreneurship,,,
1548,TU944,Culinary Science,,,
1549,TU951,International Hospitality and Tourism Management,,,
1550,TU952,International Hospitality Management,,,
1551,TU953,Tourism and Digital Marketing,,,
1552,TU954,Event Management,,,
1553,TU955,Sports and Leisure Management,,,
1554,TU961,Commercial Modern Music (BIMM - assessment/auditio,,,
1555,TU962,Drama (Performance  audition),,,
1556,TU963,Music (audition),,,
1557,TU965,International Business and Languages,,,
1558,TU966,Languages and English Studies,,,
1559,TU967,Languages and International Tourism,,,
1560,TU971,Contemporary Visual Culture,,,
1561,TU972,Creative and Cultural Industries,,,
1562,TU973,Design - Visual Communication (portfolio),,,
1563,TU974,Fine Art (portfolio),,,
1564,TU975,Interior Design (portfolio),,,
1565,TU976,Photography (portfolio),,,
1566,TU978,Creative Industries and Visual Culture,,,
1567,TU981,Creative Digital Media,,,
1568,TU982,Creative Digital Media,,,
1569,TU983,Film and Broadcasting,,,
1570,TU984,Game Design,,,
1571,TU985,Journalism,,,
1572,TU986,Print Media Technology and Management,,,
1573,TU989,Early Childhood Care and Education (campus options,,,
1574,TU991,Applied Social Studies in Social Care,,,
1575,TU992,Community Development and Youth Work,,,
1576,TU993,Early Childhood Care and Education,,,
1577,TU994,Early Childhood Care and Education,,,
1578,TU995,Early Childhood Education,,,
1579,TU996,Social Care,,,
1580,TU997,Applied Social Care,,,
1581,WD001,Applied Computing (options),,,
1582,WD002,Science (options),,,
1583,WD003,Business,,,
1584,WD005,Health Sciences (options),,,
1585,WD006,Exercise Sciences (options),,,
1586,WD007,Engineering (options),,,
1587,WD010,Electronic Engineering,,,
1588,WD011,Mechanical Engineering,,,
1589,WD013,Legal Studies,,,
1590,WD018,Applied Social Care,,,
1591,WD019,Recreation and Sport Management,,,
1592,WD025,Construction Management and Engineering,,,
1593,WD027,Music,,,
1594,WD048,Business (options),,,
1595,WD076,Forestry,,,
1596,WD084,Accounting,,,
1597,WD091,Hospitality Management,,,
1598,WD094,Architectural Technology,,,
1599,WD096,Horticulture (Waterford - Kildalton),,,
1600,WD097,Horticulture (Dublin - National Botanic Gardens),,,
1601,WD116,General Nursing,,,
1602,WD117,Psychiatric Nursing,,,
1603,WD120,Intellectual Disability Nursing,,,
1604,WD126,Agriculture,,,
1605,WD134,International Business,,,
1606,WD137,Design (Visual Communications),,,
1607,WD139,Civil Engineering,,,
1608,WD140,Laws,,,
1609,WD144,Architecture,,,
1610,WD147,Pharmaceutical Science,,,
1611,WD148,Tourism Marketing,,,
1612,WD149,Early Childhood Studies,,,
1613,WD150,Criminal Justice Studies,,,
1614,WD151,Software Systems Development,,,
1615,WD152,Visual Art,,,
1616,WD153,Multimedia Applications Development,,,
1617,WD155,Information Technology,,,
1618,WD159,Business,,,
1619,WD161,Computer Forensics and Security,,,
1620,WD162,Quantity Surveying,,,
1621,WD163,Psychology,,,
1622,WD164,Food Science with Business,,,
1623,WD172,Culinary Arts,,,
1624,WD173,Hospitality Studies,,,
1625,WD174,Tourism,,,
1626,WD175,Pharmaceutical Science,,,
1627,WD177,"Science (Mol. Biology with Biopharm.,Food Science with Business,Pharm.)",,,
1628,WD182,Electrical Engineering,,,
1629,WD184,Retail Management,,,
1630,WD186,Sports Coaching and Performance,,,
1631,WD187,Social Science,,,
1632,WD188,Applied Health Care,,,
1633,WD191,Agricultural Science,,,
1634,WD192,Social Care Practice,,,
1635,WD193,Marketing and Digital Media,,,
1636,WD194,Culinary Arts,,,
1637,WD195,Architectural and Building Information Modelling T,,,
1638,WD200,Arts (options),,,
1639,WD205,Molecular Biology with Biopharmaceutical Science,,,
1640,WD206,Electronic Engineering,,,
1641,WD207,Mechanical Engineering,,,
1642,WD208,Manufacturing Engineering,,,
1643,WD210,Software Systems Development,,,
1644,WD211,Creative Computing,,,
1645,WD212,Recreation and Sport Management,,,
1646,WD230,Mechanical and Manufacturing Engineering,,,
1647,WD231,Early Childhood Care and Education,,,
1648,WD232,Business Information Systems,,,
